{"cameraMode":{"drawMode":0,"name":"Shaded","section":"Shading Mode"},"sceneLighting":true,"audioPlay":false,"sceneViewState":{"m_AlwaysRefresh":false,"showFog":true,"showSkybox":true,"showFlares":true,"showImageEffects":true,"showParticleSystems":true,"showVisualEffectGraphs":true,"m_FxEnabled":true},"in2DMode":false,"pivot":{"x":-4.725004196166992,"y":9.127813339233399,"z":1.7389588356018067},"rotation":{"x":0.12795068323612214,"y":0.38327017426490786,"z":0.05445237457752228,"w":-0.9131589531898499},"size":12.12435531616211,"orthographic":false}